{"cameraMode":{"drawMode":0,"name":"Shaded","section":"Shading Mode"},"sceneLighting":false,"audioPlay":false,"sceneViewState":{"showFog":false,"showMaterialUpdate":false,"showSkybox":false,"showFlares":false,"showImageEffects":false,"showParticleSystems":false},"in2DMode":false,"pivot":{"x":0.08743047714233399,"y":-0.08498728275299072,"z":-0.004638586193323135},"rotation":{"x":0.19390830397605897,"y":-0.18887308239936829,"z":0.038257256150245669,"w":0.9621868133544922},"size":4.684374809265137,"orthographic":false}