{"cameraMode":{"drawMode":0,"name":"Shaded","section":"Shading Mode"},"sceneLighting":false,"audioPlay":false,"sceneViewState":{"showFog":false,"showMaterialUpdate":false,"showSkybox":false,"showFlares":false,"showImageEffects":false,"showParticleSystems":false},"in2DMode":false,"pivot":{"x":1.0369997024536133,"y":1.125,"z":-7.0460004806518559},"rotation":{"x":-0.2290525734424591,"y":0.21884049475193025,"z":-0.05293026566505432,"w":-0.9470187425613403},"size":6.124661922454834,"orthographic":false}