{"cameraMode":{"drawMode":0,"name":"Shaded","section":"Shading Mode"},"sceneLighting":false,"audioPlay":false,"sceneViewState":{"showFog":false,"showMaterialUpdate":false,"showSkybox":false,"showFlares":false,"showImageEffects":false,"showParticleSystems":false},"in2DMode":false,"pivot":{"x":0.039225444197654727,"y":-0.19067615270614625,"z":-0.20455622673034669},"rotation":{"x":0.17234252393245698,"y":0.6985300183296204,"z":-0.17939366400241853,"w":0.6709902286529541},"size":1.7909328937530518,"orthographic":false}