{"cameraMode":{"drawMode":0,"name":"Shaded","section":"Shading Mode"},"sceneLighting":false,"audioPlay":false,"sceneViewState":{"showFog":false,"showMaterialUpdate":false,"showSkybox":false,"showFlares":false,"showImageEffects":false,"showParticleSystems":false},"in2DMode":false,"pivot":{"x":-0.024318963289260865,"y":0.003068089485168457,"z":0.13730841875076295},"rotation":{"x":0.19381828606128694,"y":0.4364772140979767,"z":-0.09685573726892472,"w":0.8732678294181824},"size":3.348238468170166,"orthographic":false}