{"cameraMode":{"drawMode":0,"name":"Shaded","section":"Shading Mode"},"sceneLighting":true,"audioPlay":false,"sceneViewState":{"showFog":false,"showMaterialUpdate":false,"showSkybox":false,"showFlares":false,"showImageEffects":false,"showParticleSystems":false},"in2DMode":false,"pivot":{"x":-9.568967819213868,"y":6.954355239868164,"z":45.36482620239258},"rotation":{"x":-0.5133796334266663,"y":-0.05475830286741257,"z":0.03283429890871048,"w":-0.8558459281921387},"size":4.0416579246521,"orthographic":false}