{"cameraMode":{"drawMode":0,"name":"Shaded","section":"Shading Mode"},"sceneLighting":false,"audioPlay":false,"sceneViewState":{"showFog":false,"showMaterialUpdate":false,"showSkybox":false,"showFlares":false,"showImageEffects":false,"showParticleSystems":false},"in2DMode":false,"pivot":{"x":0.21381357312202454,"y":-0.10865993052721024,"z":-0.10939297080039978},"rotation":{"x":0.07822154462337494,"y":0.8351576328277588,"z":-0.12313500791788101,"w":0.5303654074668884},"size":0.6500178575515747,"orthographic":false}