{"cameraMode":{"drawMode":0,"name":"Shaded","section":"Shading Mode"},"sceneLighting":false,"audioPlay":false,"sceneViewState":{"showFog":false,"showMaterialUpdate":false,"showSkybox":false,"showFlares":false,"showImageEffects":false,"showParticleSystems":false},"in2DMode":false,"pivot":{"x":-4.212606430053711,"y":1.3154724836349488,"z":4.146091938018799},"rotation":{"x":0.2897772192955017,"y":0.04249054193496704,"z":-0.012875696644186974,"w":0.9560647010803223},"size":4.391132831573486,"orthographic":false}