{"cameraMode":{"drawMode":0,"name":"Shaded","section":"Shading Mode"},"sceneLighting":false,"audioPlay":false,"sceneViewState":{"showFog":false,"showMaterialUpdate":false,"showSkybox":false,"showFlares":false,"showImageEffects":false,"showParticleSystems":false},"in2DMode":false,"pivot":{"x":0.46003258228302,"y":-2.329447031021118,"z":2.8868350982666017},"rotation":{"x":-0.3547123968601227,"y":-0.056892670691013339,"z":0.021629758179187776,"w":-0.9329970479011536},"size":6.898932933807373,"orthographic":false}