{"cameraMode":{"drawMode":0,"name":"Shaded","section":"Shading Mode"},"sceneLighting":false,"audioPlay":false,"sceneViewState":{"showFog":false,"showMaterialUpdate":false,"showSkybox":false,"showFlares":false,"showImageEffects":false,"showParticleSystems":false},"in2DMode":false,"pivot":{"x":1.0946933031082154,"y":4.848876953125,"z":-7.858521938323975},"rotation":{"x":-0.250692754983902,"y":0.18620072305202485,"z":-0.04917215555906296,"w":-0.9488067030906677},"size":3.7416584491729738,"orthographic":false}