{"cameraMode":{"drawMode":0,"name":"Shaded","section":"Shading Mode"},"sceneLighting":false,"audioPlay":false,"sceneViewState":{"showFog":false,"showMaterialUpdate":false,"showSkybox":false,"showFlares":false,"showImageEffects":false,"showParticleSystems":false},"in2DMode":false,"pivot":{"x":0.5349379777908325,"y":2.6539862155914308,"z":3.080531597137451},"rotation":{"x":0.008410788141191006,"y":-0.9913461804389954,"z":0.07988656312227249,"w":0.10569503903388977},"size":4.041658401489258,"orthographic":false}