{"cameraMode":{"drawMode":0,"name":"Shaded","section":"Shading Mode"},"sceneLighting":false,"audioPlay":false,"sceneViewState":{"showFog":false,"showMaterialUpdate":false,"showSkybox":false,"showFlares":false,"showImageEffects":false,"showParticleSystems":false},"in2DMode":false,"pivot":{"x":-0.06858406960964203,"y":-0.2545936405658722,"z":0.35100001096725466},"rotation":{"x":-0.2290525734424591,"y":0.21884049475193025,"z":-0.05293026566505432,"w":-0.9470187425613403},"size":1.5500178337097169,"orthographic":false}