{"cameraMode":{"drawMode":0,"name":"Shaded","section":"Shading Mode"},"sceneLighting":false,"audioPlay":false,"sceneViewState":{"showFog":false,"showMaterialUpdate":false,"showSkybox":false,"showFlares":false,"showImageEffects":false,"showParticleSystems":false},"in2DMode":false,"pivot":{"x":-34.43147659301758,"y":-43.38994598388672,"z":29.25676727294922},"rotation":{"x":-0.32511237263679507,"y":0.35389599204063418,"z":-0.13272741436958314,"w":-0.8668638467788696},"size":69.68668365478516,"orthographic":false}