{"cameraMode":{"drawMode":0,"name":"Shaded","section":"Shading Mode"},"sceneLighting":false,"audioPlay":false,"sceneViewState":{"showFog":false,"showMaterialUpdate":false,"showSkybox":false,"showFlares":false,"showImageEffects":false,"showParticleSystems":false},"in2DMode":false,"pivot":{"x":-0.03189367055892944,"y":0.8473024368286133,"z":0.3164701461791992},"rotation":{"x":0.3925735056400299,"y":-0.3526841998100281,"z":0.16623713076114655,"w":0.8330435752868652},"size":4.391132831573486,"orthographic":false}